粱不高兴,50,101,50,4000004,4440001,4440002,4440003,4440004,4440005,4440006,4445001,4445002,4445003
荀昊苍,51,101,51,4000004,4440001,4440002,4440003,4440004,4440005,4440006,4445001,4445003,4445004
梅花家达小姐,52,101,52,4000001,4440001,4440002,4440003,4440004,4440005,4440006,4445001,4445002,4445004
饶溥心,53,101,53,4000002,4440001,4440002,4440003,4440004,4440005,4440006,4445001,4445002,4445003
余伟毅,54,101,54,4000003,4440001,4440002,4440003,4440004,4440005,4440006,4445001,4445002,4445003
向宏盛,55,101,55,4000004,4440001,4440002,4440003,4440004,4440005,4440006,4445001,4445003,4445004
葛浩广,56,101,56,4000002,4440001,4440002,4440003,4440004,4440005,4440006,4445001,4445002,4445003
匡康裕,57,101,57,4000004,4440001,4440002,4440003,4440004,4440005,4440006,4445001,4445002,4445004
华弘亮,58,101,58,4000002,4440001,4440002,4440003,4440004,4440005,4440006,4445001,4445002,4445004
苍正文,59,101,59,4000004,4440001,4440002,4440003,4440004,4440005,4440006,4445002,4445003,4445004
咸弘量,60,101,60,4000003,4440001,4440002,4440003,4440004,4440005,4440006,4445001,4445002,4445004
邢宜然,61,101,61,4000003,4440001,4440002,4440003,4440004,4440005,4440006,4445001,4445002,4445003
訾康成,62,101,62,4000003,4440001,4440002,4440003,4440004,4440005,4440006,4445001,4445002,4445004
牛和风,63,101,63,4000002,4440001,4440002,4440003,4440004,4440005,4440006,4445002,4445003,4445004
沃兴平,64,101,64,4000002,4440001,4440002,4440003,4440004,4440005,4440006,4445001,4445003,4445004
桓宾鸿,65,101,65,4000002,4440001,4440002,4440003,4440004,4440005,4440006,4445001,4445003,4445004
八角树小乌龟,66,101,66,4000004,4440001,4440002,4440003,4440004,4440005,4440006,4445002,4445003,4445004
房伟宸,67,101,67,4000001,4440001,4440002,4440003,4440004,4440005,4440006,4445001,4445002,4445004
杜志诚,68,101,68,4000001,4440001,4440002,4440003,4440004,4440005,4440006,4445001,4445002,4445003
衡茂学,69,101,69,4000001,4440001,4440002,4440003,4440004,4440005,4440006,4445001,4445002,4445004
颜圣杰,70,101,70,4000002,4440001,4440002,4440003,4440004,4440005,4440006,4445002,4445003,4445004
杨鹏鲸,50,102,50,4000002,4440001,4440002,4440003,4440004,4440005,4440006,4445001,4445003,4445004
封浩大,51,102,51,4000001,4440001,4440002,4440003,4440004,4440005,4440006,4445001,4445002,4445003
闵俊捷,52,102,52,4000002,4440001,4440002,4440003,4440004,4440005,4440006,4445002,4445003,4445004
谷锐立,53,102,53,4000003,4440001,4440002,4440003,4440004,4440005,4440006,4445001,4445003,4445004
邴星光,54,102,54,4000004,4440001,4440002,4440003,4440004,4440005,4440006,4445002,4445003,4445004
鲁星宇,55,102,55,4000004,4440001,4440002,4440003,4440004,4440005,4440006,4445001,4445003,4445004
濮康平,56,102,56,4000001,4440001,4440002,4440003,4440004,4440005,4440006,4445001,4445002,4445003
巴永福,57,102,57,4000002,4440001,4440002,4440003,4440004,4440005,4440006,4445001,4445003,4445004
仲孙嘉年,58,102,58,4000003,4440001,4440002,4440003,4440004,4440005,4440006,4445001,4445002,4445004
糜翰海,59,102,59,4000001,4440001,4440002,4440003,4440004,4440005,4440006,4445001,4445002,4445003
松和正,60,102,60,4000001,4440001,4440002,4440003,4440004,4440005,4440006,4445001,4445002,4445004
何布村铁皮屋,61,102,61,4000001,4440001,4440002,4440003,4440004,4440005,4440006,4445001,4445002,4445004
段烨烁,62,102,62,4000003,4440001,4440002,4440003,4440004,4440005,4440006,4445001,4445002,4445004
谢阳云,63,102,63,4000003,4440001,4440002,4440003,4440004,4440005,4440006,4445002,4445003,4445004
关高丽,64,102,64,4000003,4440001,4440002,4440003,4440004,4440005,4440006,4445001,4445002,4445004
鲍飞掣,65,102,65,4000004,4440001,4440002,4440003,4440004,4440005,4440006,4445001,4445002,4445003
全鸿信,66,102,66,4000004,4440001,4440002,4440003,4440004,4440005,4440006,4445002,4445003,4445004
姚翰翮,67,102,67,4000002,4440001,4440002,4440003,4440004,4440005,4440006,4445001,4445002,4445003
於锐智,68,102,68,4000002,4440001,4440002,4440003,4440004,4440005,4440006,4445001,4445003,4445004
孟鸿振,69,102,69,4000003,4440001,4440002,4440003,4440004,4440005,4440006,4445002,4445003,4445004
相建中,70,102,70,4000003,4440001,4440002,4440003,4440004,4440005,4440006,4445001,4445002,4445004
游星剑,50,103,50,4000002,4440001,4440002,4440003,4440004,4440005,4440006,4445001,4445002,4445003
荀玉书,51,103,51,4000002,4440001,4440002,4440003,4440004,4440005,4440006,4445002,4445003,4445004
甘康平,52,103,52,4000002,4440001,4440002,4440003,4440004,4440005,4440006,4445001,4445002,4445003
胥文瑞,53,103,53,4000002,4440001,4440002,4440003,4440004,4440005,4440006,4445001,4445003,4445004
万安宜,54,103,54,4000003,4440001,4440002,4440003,4440004,4440005,4440006,4445001,4445002,4445003
季成弘,55,103,55,4000002,4440001,4440002,4440003,4440004,4440005,4440006,4445002,4445003,4445004
柯芷珍,56,103,56,4000003,4440001,4440002,4440003,4440004,4440005,4440006,4445002,4445003,4445004
汲安翔,57,103,57,4000003,4440001,4440002,4440003,4440004,4440005,4440006,4445001,4445002,4445004
陶星河,58,103,58,4000001,4440001,4440002,4440003,4440004,4440005,4440006,4445001,4445002,4445004
小原碧人,59,103,59,4000003,4440001,4440002,4440003,4440004,4440005,4440006,4445002,4445003,4445004
慎英华,60,103,60,4000004,4440001,4440002,4440003,4440004,4440005,4440006,4445002,4445003,4445004
司空凡双,61,103,61,4000001,4440001,4440002,4440003,4440004,4440005,4440006,4445001,4445002,4445004
邱雨兰,62,103,62,4000003,4440001,4440002,4440003,4440004,4440005,4440006,4445001,4445003,4445004
甄夏菡,63,103,63,4000004,4440001,4440002,4440003,4440004,4440005,4440006,4445002,4445003,4445004
童语蓉,64,103,64,4000002,4440001,4440002,4440003,4440004,4440005,4440006,4445001,4445002,4445004
毕盼儿,65,103,65,4000002,4440001,4440002,4440003,4440004,4440005,4440006,4445001,4445002,4445003
沙飞柏,66,103,66,4000003,4440001,4440002,4440003,4440004,4440005,4440006,4445001,4445002,4445003
益紫凝,67,103,67,4000003,4440001,4440002,4440003,4440004,4440005,4440006,4445001,4445002,4445004
花舒方,68,103,68,4000001,4440001,4440002,4440003,4440004,4440005,4440006,4445001,4445003,4445004
戎友梅,69,103,69,4000002,4440001,4440002,4440003,4440004,4440005,4440006,4445001,4445002,4445003
符寒蕾,70,103,70,4000003,4440001,4440002,4440003,4440004,4440005,4440006,4445002,4445003,4445004
甘慧君,50,104,50,4000002,4440001,4440002,4440003,4440004,4440005,4440006,4445001,4445002,4445003
慎凡波,51,104,51,4000002,4440001,4440002,4440003,4440004,4440005,4440006,4445002,4445003,4445004
殷家美,52,104,52,4000002,4440001,4440002,4440003,4440004,4440005,4440006,4445001,4445003,4445004
郏寻双,53,104,53,4000001,4440001,4440002,4440003,4440004,4440005,4440006,4445001,4445002,4445003
酆云韶,54,104,54,4000002,4440001,4440002,4440003,4440004,4440005,4440006,4445001,4445003,4445004
艾觅松,55,104,55,4000002,4440001,4440002,4440003,4440004,4440005,4440006,4445001,4445003,4445004
敖佩珍,56,104,56,4000001,4440001,4440002,4440003,4440004,4440005,4440006,4445001,4445003,4445004
孟兰若,57,104,57,4000001,4440001,4440002,4440003,4440004,4440005,4440006,4445002,4445003,4445004
廉竹悦,58,104,58,4000001,4440001,4440002,4440003,4440004,4440005,4440006,4445002,4445003,4445004
居兰英,59,104,59,4000004,4440001,4440002,4440003,4440004,4440005,4440006,4445001,4445002,4445003
索诗兰,60,104,60,4000001,4440001,4440002,4440003,4440004,4440005,4440006,4445001,4445002,4445004
甘翠柔,61,104,61,4000003,4440001,4440002,4440003,4440004,4440005,4440006,4445001,4445002,4445004
云彩静,62,104,62,4000001,4440001,4440002,4440003,4440004,4440005,4440006,4445002,4445003,4445004
姬思义,63,104,63,4000001,4440001,4440002,4440003,4440004,4440005,4440006,4445001,4445003,4445004
熊奕叶,64,104,64,4000001,4440001,4440002,4440003,4440004,4440005,4440006,4445001,4445003,4445004
阙桂枫,65,104,65,4000003,4440001,4440002,4440003,4440004,4440005,4440006,4445001,4445002,4445004
黎吟怀,66,104,66,4000003,4440001,4440002,4440003,4440004,4440005,4440006,4445001,4445002,4445003
马寒荷,67,104,67,4000004,4440001,4440002,4440003,4440004,4440005,4440006,4445001,4445003,4445004
阮之瑶,68,104,68,4000001,4440001,4440002,4440003,4440004,4440005,4440006,4445001,4445002,4445003
双彦芝,69,104,69,4000003,4440001,4440002,4440003,4440004,4440005,4440006,4445002,4445003,4445004
上官碧莹,70,104,70,4000002,4440001,4440002,4440003,4440004,4440005,4440006,4445001,4445002,4445004
终秋双,50,101,50,4000003,4440001,4440002,4440003,4440004,4440005,4440006,4445001,4445002,4445003
经绿柏,51,102,51,4000001,4440001,4440002,4440003,4440004,4440005,4440006,4445001,4445002,4445003
劳博敏,52,103,52,4000004,4440001,4440002,4440003,4440004,4440005,4440006,4445001,4445002,4445003
索曼寒,53,104,53,4000002,4440001,4440002,4440003,4440004,4440005,4440006,4445001,4445002,4445004
闻梓璐,54,101,54,4000003,4440001,4440002,4440003,4440004,4440005,4440006,4445001,4445002,4445003
冰锋斋小弟弟,55,102,55,4000004,4440001,4440002,4440003,4440004,4440005,4440006,4445001,4445003,4445004
悲问城大哥大,56,103,56,4000002,4440001,4440002,4440003,4440004,4440005,4440006,4445001,4445003,4445004
鱼龙宫执事,57,104,57,4000004,4440001,4440002,4440003,4440004,4440005,4440006,4445001,4445002,4445003
福山久留米,58,101,58,4000001,4440001,4440002,4440003,4440004,4440005,4440006,4445001,4445002,4445003
立川阳,59,102,59,4000001,4440001,4440002,4440003,4440004,4440005,4440006,4445001,4445002,4445003
汉森尔顿沃克,60,103,60,4000004,4440001,4440002,4440003,4440004,4440005,4440006,4445001,4445002,4445003
查尔斯周,61,104,61,4000004,4440001,4440002,4440003,4440004,4440005,4440006,4445001,4445002,4445003
墨哈锐逸,62,101,62,4000001,4440001,4440002,4440003,4440004,4440005,4440006,4445001,4445002,4445003
妫海静萱,63,102,63,4000002,4440001,4440002,4440003,4440004,4440005,4440006,4445001,4445002,4445004
年爱凡之,64,103,64,4000004,4440001,4440002,4440003,4440004,4440005,4440006,4445001,4445002,4445004
子车望雅,65,104,65,4000001,4440001,4440002,4440003,4440004,4440005,4440006,4445001,4445002,4445004
天地书院少年,66,101,66,4000001,4440001,4440002,4440003,4440004,4440005,4440006,4445001,4445003,4445004
八歧楼少女,67,102,67,4000002,4440001,4440002,4440003,4440004,4440005,4440006,4445002,4445003,4445004
飞沙山庄哥哥,68,103,68,4000001,4440001,4440002,4440003,4440004,4440005,4440006,4445002,4445003,4445004
灵猴氏当家的,69,104,69,4000003,4440001,4440002,4440003,4440004,4440005,4440006,4445001,4445003,4445004
高贵得土土豆,70,101,70,4000001,4440001,4440002,4440003,4440004,4440005,4440006,4445001,4445002,4445004
